n_estimators,test_accuracy,train_time_seconds
1,0.9230769230769231,0.008775399997830391
10,0.951048951048951,0.03782950001186691
50,0.951048951048951,0.10665440000593662
100,0.958041958041958,0.1985930999799166
