feature,importance
worst area,0.14967407169526684
worst concave points,0.12718873858656568
mean concave points,0.10464976229321572
