feature,importance
worst radius,0.5589382251770191
worst concave points,0.13188801982704867
worst perimeter,0.12770978607653702
