n_estimators,test_accuracy,train_time_seconds
1,0.9230769230769231,0.0036084060002394835
10,0.951048951048951,0.018335201999434503
50,0.951048951048951,0.06865904499954922
100,0.958041958041958,0.13494506900042325
